{"cameraMode":{"drawMode":0,"name":"Shaded","section":"Shading Mode"},"sceneLighting":false,"audioPlay":false,"sceneViewState":{"m_AlwaysRefresh":false,"showFog":true,"showSkybox":false,"showFlares":true,"showImageEffects":true,"showParticleSystems":true,"showVisualEffectGraphs":true,"m_FxEnabled":true},"in2DMode":false,"pivot":{"x":0.0030477046966552736,"y":0.7358150482177734,"z":1.2520796060562134},"rotation":{"x":-0.2704753577709198,"y":-0.6540791392326355,"z":0.26275867223739626,"w":-0.6572033762931824},"size":3.6207938194274904,"orthographic":false}