{"cameraMode":{"drawMode":0,"name":"Shaded","section":"Shading Mode"},"sceneLighting":false,"audioPlay":false,"sceneViewState":{"m_AlwaysRefresh":false,"showFog":true,"showSkybox":false,"showFlares":true,"showImageEffects":true,"showParticleSystems":true,"showVisualEffectGraphs":true,"m_FxEnabled":true},"in2DMode":false,"pivot":{"x":-0.23007769882678986,"y":0.00026768966927193105,"z":2.2313661575317385},"rotation":{"x":0.28362998366355898,"y":-0.7018498778343201,"z":0.35923194885253909,"w":0.5466200113296509},"size":4.264806747436523,"orthographic":false}