{"cameraMode":{"drawMode":0,"name":"Shaded","section":"Shading Mode"},"sceneLighting":false,"audioPlay":false,"sceneViewState":{"m_AlwaysRefresh":false,"showFog":true,"showSkybox":false,"showFlares":true,"showImageEffects":true,"showParticleSystems":true,"showVisualEffectGraphs":true,"m_FxEnabled":true},"in2DMode":false,"pivot":{"x":-3.5803470611572267,"y":11.02769947052002,"z":19.621849060058595},"rotation":{"x":0.02692442014813423,"y":0.9698775410652161,"z":-0.20703527331352235,"w":0.12618644535541535},"size":0.7495182752609253,"orthographic":false}