{"cameraMode":{"drawMode":0,"name":"Shaded","section":"Shading Mode"},"sceneLighting":false,"audioPlay":false,"sceneViewState":{"m_AlwaysRefresh":false,"showFog":true,"showSkybox":false,"showFlares":true,"showImageEffects":true,"showParticleSystems":true,"showVisualEffectGraphs":true,"m_FxEnabled":true},"in2DMode":false,"pivot":{"x":-2.1921193599700929,"y":1.2890822887420655,"z":-0.7421462535858154},"rotation":{"x":-0.21230563521385194,"y":0.06785880774259567,"z":-0.012010377831757069,"w":-0.975170910358429},"size":1.7660253047943116,"orthographic":false}