{"cameraMode":{"drawMode":0,"name":"Shaded","section":"Shading Mode"},"sceneLighting":false,"audioPlay":false,"sceneViewState":{"m_AlwaysRefresh":false,"showFog":true,"showSkybox":false,"showFlares":true,"showImageEffects":true,"showParticleSystems":true,"showVisualEffectGraphs":true,"m_FxEnabled":true},"in2DMode":false,"pivot":{"x":0.6833366751670837,"y":-0.5448544025421143,"z":3.870046854019165},"rotation":{"x":0.18883700668811799,"y":0.046623677015304568,"z":-0.010713757015764714,"w":0.9813677668571472},"size":2.666025161743164,"orthographic":false}