{"cameraMode":{"drawMode":0,"name":"Shaded","section":"Shading Mode"},"sceneLighting":true,"audioPlay":false,"sceneViewState":{"m_AlwaysRefresh":false,"showFog":true,"showSkybox":false,"showFlares":true,"showImageEffects":true,"showParticleSystems":true,"showVisualEffectGraphs":true,"m_FxEnabled":true},"in2DMode":false,"pivot":{"x":947.7835083007813,"y":36.041038513183597,"z":2489.721435546875},"rotation":{"x":-0.11474815011024475,"y":-0.19231317937374116,"z":0.022898007184267045,"w":-0.9743539690971375},"size":54.18855285644531,"orthographic":false}