{"cameraMode":{"drawMode":0,"name":"Shaded","section":"Shading Mode"},"sceneLighting":true,"audioPlay":false,"sceneViewState":{"m_AlwaysRefresh":false,"showFog":true,"showSkybox":false,"showFlares":true,"showImageEffects":true,"showParticleSystems":true,"showVisualEffectGraphs":true,"m_FxEnabled":true},"in2DMode":false,"pivot":{"x":1533.6312255859375,"y":-163.11463928222657,"z":2755.629150390625},"rotation":{"x":0.015156690962612629,"y":-0.6979442238807678,"z":0.716103196144104,"w":0.012747758999466896},"size":115.62899017333985,"orthographic":false}