{"cameraMode":{"drawMode":0,"name":"Shaded","section":"Shading Mode"},"sceneLighting":true,"audioPlay":false,"sceneViewState":{"m_AlwaysRefresh":false,"showFog":true,"showSkybox":true,"showFlares":true,"showImageEffects":true,"showParticleSystems":true,"showVisualEffectGraphs":true,"m_FxEnabled":true},"in2DMode":false,"pivot":{"x":58.925697326660159,"y":-83.00006866455078,"z":293.2138977050781},"rotation":{"x":-0.1552746444940567,"y":0.03498246893286705,"z":-0.005616022739559412,"w":-0.9873000979423523},"size":161.02923583984376,"orthographic":false}