{"cameraMode":{"drawMode":0,"name":"Shaded","section":"Shading Mode"},"sceneLighting":true,"audioPlay":false,"sceneViewState":{"m_AlwaysRefresh":false,"showFog":true,"showSkybox":true,"showFlares":true,"showImageEffects":true,"showParticleSystems":true,"showVisualEffectGraphs":true,"m_FxEnabled":true},"in2DMode":false,"pivot":{"x":94.34048461914063,"y":0.8120847940444946,"z":20.396316528320314},"rotation":{"x":0.016445988789200784,"y":-0.6926074028015137,"z":0.015802573412656785,"w":0.7209928035736084},"size":2.144080877304077,"orthographic":false}