{"cameraMode":{"drawMode":0,"name":"Shaded","section":"Shading Mode"},"sceneLighting":true,"audioPlay":false,"sceneViewState":{"m_AlwaysRefresh":false,"showFog":true,"showSkybox":false,"showFlares":true,"showImageEffects":true,"showParticleSystems":true,"showVisualEffectGraphs":true,"m_FxEnabled":true},"in2DMode":false,"pivot":{"x":-33.01586151123047,"y":7.229679107666016,"z":402.48504638671877},"rotation":{"x":-0.0004457476898096502,"y":-0.9783638119697571,"z":0.208237886428833,"w":-0.013904059305787087},"size":0.8660253882408142,"orthographic":false}