{"cameraMode":{"drawMode":0,"name":"Shaded","section":"Shading Mode"},"sceneLighting":true,"audioPlay":false,"sceneViewState":{"m_AlwaysRefresh":false,"showFog":true,"showSkybox":false,"showFlares":true,"showImageEffects":true,"showParticleSystems":true,"showVisualEffectGraphs":true,"m_FxEnabled":true},"in2DMode":false,"pivot":{"x":1465.8106689453125,"y":67.12393188476563,"z":3584.57568359375},"rotation":{"x":0.00005530511407414451,"y":0.9931172132492065,"z":-0.12803196907043458,"w":0.018023094162344934},"size":10.384499549865723,"orthographic":false}