{"cameraMode":{"drawMode":0,"name":"Shaded","section":"Shading Mode"},"sceneLighting":true,"audioPlay":false,"sceneViewState":{"m_AlwaysRefresh":false,"showFog":true,"showSkybox":false,"showFlares":true,"showImageEffects":true,"showParticleSystems":true,"showVisualEffectGraphs":true,"m_FxEnabled":true},"in2DMode":false,"pivot":{"x":1526.696533203125,"y":751.2158813476563,"z":2354.56005859375},"rotation":{"x":0.49314114451408389,"y":0.017965558916330339,"z":-0.01298398245126009,"w":0.8700924515724182},"size":0.8660253882408142,"orthographic":false}