{"cameraMode":{"drawMode":0,"name":"Shaded","section":"Shading Mode"},"sceneLighting":true,"audioPlay":false,"sceneViewState":{"m_AlwaysRefresh":false,"showFog":true,"showSkybox":false,"showFlares":true,"showImageEffects":true,"showParticleSystems":true,"showVisualEffectGraphs":true,"m_FxEnabled":true},"in2DMode":false,"pivot":{"x":1637.310791015625,"y":383.41851806640627,"z":3434.22314453125},"rotation":{"x":0.032946813851594928,"y":-0.9558764696121216,"z":0.09773308038711548,"w":0.27668607234954836},"size":18.758987426757814,"orthographic":false}