{"cameraMode":{"drawMode":0,"name":"Shaded","section":"Shading Mode"},"sceneLighting":true,"audioPlay":false,"sceneViewState":{"m_AlwaysRefresh":false,"showFog":true,"showSkybox":false,"showFlares":true,"showImageEffects":true,"showParticleSystems":true,"showVisualEffectGraphs":true,"m_FxEnabled":true},"in2DMode":false,"pivot":{"x":736.9615478515625,"y":98.21272277832031,"z":3012.808837890625},"rotation":{"x":0.006263349205255508,"y":0.5962673425674439,"z":0.0029043136164546015,"w":-0.8039368987083435},"size":438.2189025878906,"orthographic":false}