{"cameraMode":{"drawMode":0,"name":"Shaded","section":"Shading Mode"},"sceneLighting":true,"audioPlay":false,"sceneViewState":{"m_AlwaysRefresh":false,"showFog":true,"showSkybox":false,"showFlares":true,"showImageEffects":true,"showParticleSystems":true,"showVisualEffectGraphs":true,"m_FxEnabled":true},"in2DMode":false,"pivot":{"x":1282.5823974609375,"y":221.38121032714845,"z":2839.094970703125},"rotation":{"x":0.6385196447372437,"y":-0.21531765162944795,"z":0.18976876139640809,"w":0.7145878076553345},"size":10.804215431213379,"orthographic":false}