{"cameraMode":{"drawMode":0,"name":"Shaded","section":"Shading Mode"},"sceneLighting":true,"audioPlay":false,"sceneViewState":{"m_AlwaysRefresh":false,"showFog":true,"showSkybox":false,"showFlares":true,"showImageEffects":true,"showParticleSystems":true,"showVisualEffectGraphs":true,"m_FxEnabled":true},"in2DMode":false,"pivot":{"x":1652.3267822265625,"y":297.34002685546877,"z":7710.0205078125},"rotation":{"x":0.009173274971544743,"y":0.12316025048494339,"z":-0.0014026174321770669,"w":0.9923632144927979},"size":2599.823486328125,"orthographic":false}