{"cameraMode":{"drawMode":0,"name":"Shaded","section":"Shading Mode"},"sceneLighting":false,"audioPlay":false,"sceneViewState":{"m_AlwaysRefresh":false,"showFog":true,"showSkybox":false,"showFlares":true,"showImageEffects":true,"showParticleSystems":true,"showVisualEffectGraphs":true,"m_FxEnabled":true},"in2DMode":false,"pivot":{"x":-1.6167142391204835,"y":0.08475961536169052,"z":2.559281826019287},"rotation":{"x":0.27043554186820986,"y":-0.37256771326065066,"z":0.11140565574169159,"w":0.8812047839164734},"size":4.264806747436523,"orthographic":false}