{"cameraMode":{"drawMode":0,"name":"Shaded","section":"Shading Mode"},"sceneLighting":false,"audioPlay":false,"sceneViewState":{"m_AlwaysRefresh":false,"showFog":true,"showSkybox":false,"showFlares":true,"showImageEffects":true,"showParticleSystems":true,"showVisualEffectGraphs":true,"m_FxEnabled":true},"in2DMode":false,"pivot":{"x":-29.968822479248048,"y":0.2582150101661682,"z":394.8684387207031},"rotation":{"x":0.0067515019327402119,"y":0.9904820919036865,"z":-0.1272883415222168,"w":0.05266032740473747},"size":4.257236480712891,"orthographic":false}